Title,Tag,Summary,Url,Rating,Make_Again_Pct,Ingredients,Direction,Tags
Spicy Lightly Pickled Cucumbers,recipe,"These quick pickles have just the right amount of sweet, salt, and tang going on. The brine can work with any crunchy veg, but we like them best with cucumbers. We guarantee they'll be the sleeper hit of your next party spread.",/recipes/food/views/spicy-lightly-pickled-cucumbers,4,100%,"['2 lb. medium Persian cucumbers (about 12), cut lengthwise into spears', '1/4 cup white wine vinegar or unseasoned rice vinegar', '1 tsp. sugar', '3/4 tsp. crushed red pepper flakes', '2 tsp. kosher salt, plus more', '2 Tbsp. chopped dill', '2 Tbsp. fresh lemon juice']","['Toss cucumbers in a large bowl with vinegar, sugar, red pepper flakes, and 2 tsp. salt. Chill, tossing once, at least 1 hour and up to 6 hours.', 'Just before serving, add dill and lemon juice and toss to combine. Taste and season with more salt if needed.']","['Bon Appétit', 'Pickles', ""Hors D'Oeuvre"", 'Appetizer', 'Side', ""New Year's Eve"", 'Cocktail Party', 'Cucumber', 'Dill', 'Vinegar', 'Summer']"
Cucumbers with Ajo Blanco Sauce,recipe,"Think of this as an all-purpose garlic sauce. Once you get the hang of making it, try swapping cashews or blanched hazelnuts for the almonds.",/recipes/food/views/cucumbers-with-ajo-blanco-sauce,4,100%,"['5 mini seedless or Persian cucumbers (about 12 oz.)', 'Kosher salt', '3 tsp. sherry vinegar or red wine vinegar, divided', '3/4 cup blanched almonds, divided', '1 garlic clove, finely grated', '1/2 cup extra-virgin olive oil', 'Flaky sea salt']","['Preheat oven to 350°F. Cut cucumbers about 1"" thick on a steep diagonal and place in a medium bowl. Add a large pinch of kosher salt and 2 tsp. vinegar and toss to combine; let marinate 10 minutes. Pour off any liquid that is released.', 'Toast 1/4 cup almonds on a rimmed baking sheet, tossing once, until golden, about 5 minutes. Let cool, then coarsely chop. Set aside.', 'Blend garlic, oil, remaining 1 tsp. vinegar, remaining ½ cup almonds, and 1/2 cup ice water in a blender until smooth and creamy, about 2 minutes; season generously with salt.', 'Divide sauce among plates and top with cucumber salad and chopped almonds. Sprinkle with flaky sea salt.']","['Bon Appétit', 'Sauce', 'Condiment', 'Garlic', 'Almond', 'Vinegar', 'Cucumber', 'Side', 'Vegetable', 'Quick & Easy', 'Vegetarian', 'Vegan', 'Wheat/Gluten-Free', 'Dairy Free']"
Cold Beef Tenderloin with Tomatoes and Cucumbers,recipe,"Beef tenderloin is precious enough to baby on a two-zone grill: Sear it over high heat, then transfer it to the cooler side and turn it often to hit a perfect medium-rare.",/recipes/food/views/cold-beef-tenderloin-with-tomatoes-and-cucumbers,2,0%,"['1/4 cup extra-virgin olive oil, plus more', '1 (3 1/2–4-lb.) beef tenderloin', '3 Tbsp. whole black peppercorns, coarsely crushed', '2 Tbsp. kosher salt', '3 lb. heirloom tomatoes (6–8), sliced into 1/4""-thick rounds', '6 mini seedless or Persian cucumbers, sliced into 1/4""-thick rounds', '1 cup basil leaves', 'Sherry vinegar or red wine vinegar (for serving)', 'Flaky sea salt', 'Freshly ground black pepper', 'Lemony Yogurt Sauce and/or Grilled Serrano Salsa Verde (for serving)']","['Prepare a grill for 2-zone heat (for a charcoal grill, bank two-thirds of coals over one side of grill and scatter remaining coals over the other side; for a gas grill, set one burner to high heat and the remaining burners to medium-low heat). Clean and lightly oil grate. Rub tenderloin with 1/4 cup oil and sprinkle with peppercorns and kosher salt. Grill over hottest part of grill, turning often, until lightly charred on all sides, about 5 minutes. Move to cooler part and continue to grill, turning often, until an instant-read thermometer inserted into the thickest part registers 120°F for medium-rare, 25–30 minutes longer. Transfer to a platter and let cool.', 'Just before serving, thinly slice tenderloin on a large cutting board you can also serve from (or transfer back to platter). Arrange tomato slices, cucumber slices, and basil alongside. Drizzle tomatoes and cucumbers very lightly with vinegar. Drizzle oil over everything and season liberally with sea salt and ground pepper. Serve with Lemony Yogurt Sauce and/or Grilled Serrano Salsa Verde alongside.']","['Bon Appétit', 'Dinner', 'Beef Tenderloin', 'Beef', 'Tomato', 'Summer', 'Cucumber', 'Basil']"
Grain Salad with Tomatoes and Cucumbers,recipe,We call for semi-pearled grains because they cook more quickly and have a roughened-up texture that helps them soak up the dressing. Browning them first deepens their flavor.,/recipes/food/views/farro-spelt-grain-salad-with-tomatoes-and-cucumbers,3,100%,"['2 cups semi-pearled farro or spelt', 'Kosher salt', '1/3 cup pine nuts', '3 medium Persian cucumbers, peeled, cut into ¾"" pieces', '3 medium tomatoes, thinly sliced', '1 pint Sun Gold and/or cherry tomatoes, halved crosswise', '1 small red onion, very thinly sliced', 'Juice of 1 lemon (or more)', '1/3 cup extra-virgin olive oil', '2 Tbsp. red wine vinegar', 'Freshly ground black pepper', '2 cups torn basil leaves']","['Preheat oven to 350°F. Cook farro in a large Dutch oven or other heavy pot over medium heat, stirring often, until golden brown and toasted (it should start to smell like popcorn and some grains may pop), about 4 minutes. Remove pot from heat and pour in cold water to cover grains by 1""; throw in a healthy handful of salt. Set pot over medium-high heat and bring water to a boil. Reduce heat and simmer, skimming foam occasionally from surface, until grains are tender but still have some bite, 25–35 minutes. Drain and transfer farro to a large bowl.', 'Meanwhile, toast pine nuts on a rimmed baking sheet, tossing once, until golden brown, about 5 minutes. Let cool.', 'Add pine nuts, cucumbers, both kinds of tomatoes, red onion, lemon juice, oil, and vinegar to bowl with farro and toss everything together to combine. Taste and season with salt, pepper, and more lemon juice, if desired.', 'Top salad with basil just before serving.']","['Bon Appétit', 'Salad', 'Side', 'Grains', 'Cucumber', 'Tomato', 'Summer', 'Picnic', 'Pine Nut', 'Basil', 'Italian']"
Fried Fish Sandwiches with Cucumbers and Tartar Sauce,recipe,"Take your cast-iron pan to the grill for this classically flavored crispy fish sandwich recipe (or, if you don’t have a grill, fire up the stove—the breeze won’t be the same, but the sandwich will still be delicious).",/recipes/food/views/fried-fish-sandwiches-with-cucumbers-and-tartar-sauce,3,100%,"['1/2 cup mayonnaise', '1/4 cup finely grated lemon zest', '2 Tbsp. fresh lemon juice', '2 Tbsp. sweet relish', '1 Tbsp. chopped drained capers', '1 Tbsp. Dijon mustard', '1 small garlic clove, finely grated', 'Kosher salt']","['Mix mayonnaise, lemon zest and juice, relish, capers, mustard, and garlic in a small bowl to combine; season with salt.']","['Bon Appétit', 'Sandwich', 'Fish', 'Seafood', 'Fry', 'Beer', 'Deep-Fry', 'Mayonnaise', 'Capers']"
Charred Cabbage with Goat Cheese Raita and Cucumbers,recipe,Go hard when charring the cabbage wedges—to the point you might think you did something wrong. They are dense and resilient and need a long time on the grill to soften.,/recipes/food/views/grilled-charred-cabbage-with-goat-cheese-raita-and-cucumbers,2,0%,"['1 garlic clove, smashed', '4 oz. fresh goat cheese', '1 1/2 cups plain whole-milk Greek yogurt', '2 cups mint leaves, divided', '2 cups parsley leaves with tender stems, divided', '2 Tbsp. extra-virgin olive oil, plus more for drizzling', '2 Tbsp. fresh lemon juice, divided', 'Kosher salt', '1 medium head of purple cabbage (about 2 1/2 lb.)', '3 Persian cucumbers, thinly sliced', '1/2 cup crushed Corn Nuts', 'Aleppo-style pepper (for serving)']","['Pulse garlic, goat cheese, yogurt, 1 cup mint, 1 cup parsley, 2 Tbsp. oil, and 1 Tbsp. lemon juice in a food processor until smooth and pale green. Transfer raita to a medium bowl; season with salt.', 'Prepare a grill for medium heat. Cut cabbage in half through core. Cut each half into 3 wedges, keeping core intact. Drizzle wedges with oil to coat and season all over with salt. Grill until deeply charred on all sides (pretty much blackened) and a paring knife easily slips through the center, 8–10 minutes per side. Transfer to a cutting board and let cool 5 minutes (this also allows the cabbage to steam and become tender on the inside). Cut each wedge in half crosswise.', 'Toss cucumbers, remaining 1 cup mint, remaining 1 cup parsley, and remaining 1 Tbsp. lemon juice in a medium bowl. Season salad with a big pinch of salt and toss again.', 'Spread raita over plates; place a few pieces of cabbage on each. Top with salad and Corn Nuts. Sprinkle with Aleppo-style pepper; drizzle with more oil.']","['Bon Appétit', 'Cabbage', 'Vegetarian', 'Grill/Barbecue', 'Grill', 'Goat Cheese', 'Yogurt', 'Mint', 'Parsley', 'Cucumber', 'Wheat/Gluten-Free', 'Dinner']"
Cucumber-Seaweed Salad,recipe,A ginger and coconut aminos dressing brings together this healthful salad of crunchy cucumbers and toothsome seaweed.,/recipes/food/views/cucumber-seaweed-salad,0,0%,"['3/4 ounce dried wakame seaweed, cut into 1-inch pieces', '2 cucumbers, peeled, seeded, and diced']","['In a bowl, soak the wakame in warm water for 5 to 10 minutes. Drain in a colander. Combine the seaweed and cucumber in a bowl. In another bowl, whisk together the vinegar, coconut aminos, olive oil, lemon juice, ginger, and salt. Toss the vegetables with 2 tablespoons dressing. Taste and add more dressing if desired.']","['HarperCollins', 'Salad', 'Side', 'Cucumber', 'Ginger', 'Quick & Easy', 'Quick and Healthy', 'Healthy', 'Dairy Free', 'Peanut Free', 'Wheat/Gluten-Free', 'Vegetarian', 'Vegan']"
Pineapple Shrimp Noodle Bowls,recipe,Quickly caramelized pineapple and sautéed shrimp are tossed in a sweet and sour sauce with lots of fresh basil and spooned over rice noodles for a quick dinner that beats takeout any day.,/recipes/food/views/pineapple-shrimp-noodle-bowls,3.5,73%,"['12 oz. pad Thai–style rice noodles', '1 lb. large shrimp', '12 oz. (1"") fresh pineapple cubes (about 2 cups; from ½ pineapple)', '1 tsp. kosher salt', '2 Tbsp. soy sauce or tamari', '1 Tbsp. freshly grated ginger', '2 Tbsp. vegetable oil', '2½ cups pineapple juice', '1 Tbsp. chili-garlic sauce, such as Huy Fong', '1 cup basil leaves, plus more for serving', '2 mini seedless cucumbers, thinly sliced', '½ small red onion, very thinly sliced crosswise', '½ cup salted roasted peanuts, coarsely chopped', 'Lime wedges (for serving)']","['Cook rice noodles according to package directions.', 'Meanwhile, toss shrimp and pineapple in a large bowl; season with salt. Add soy sauce and ginger and toss again to coat.', 'Heat oil in a large nonstick skillet over medium-high. Using tongs, pluck out just the pineapple and cook, stirring often, until well browned on all sides, 5–6 minutes. Transfer to a plate. Add shrimp to same skillet and cook over medium-high heat, stirring often, until pink and opaque, 3–4 minutes. Transfer to plate with pineapple.', 'Cook pineapple juice and chili-garlic sauce in same skillet over medium-high heat, scraping up browned bits with a rubber spatula or wooden spoon and stirring occasionally, until reduced by half and slightly syrupy, 12–16 minutes. Remove from heat. Stir in pineapple-shrimp mixture and 1 cup basil.', 'Divide rice noodles among bowls. Spoon pineapple-shrimp mixture over noodles and drizzle with extra sauce. Top with cucumbers, onion, peanuts, and more basil. Serve with lime wedges alongside for squeezing over.']","['Shrimp', 'Noodle', 'Pineapple', 'Soy Sauce', 'Ginger', 'Basil', 'Cucumber', 'Onion', 'Peanut', 'Lime', 'Dinner', 'Tropical Fruit', 'Quick & Easy', 'Pasta', 'Rice', 'Wheat/Gluten-Free', 'Asian']"
Sambal Shrimp Lettuce Wraps,recipe,"The shrimp cooks in minutes, so while it’s marinating,  set out a platter of lettuce cups, mint sprigs, chopped peanuts, sliced cucumbers, and the reserved sauce.",/recipes/food/views/sambal-shrimp-lettuce-wraps,3.5,50%,"['1/2 cup hot chili paste (such as sambal oelek)', '1/4 cup honey', '1/4 cup unseasoned rice vinegar', '4 tsp. toasted sesame oil, divided', '1 1/2 lb. large shrimp', 'Kosher salt', '1–2 Tbsp. vegetable oil', '2 Persian cucumbers, thinly sliced into rounds', 'Flaky sea salt', '2 heads of Bibb lettuce, leaves separated, covered, chilled', '1/2 cup mint sprigs', '1/2 cup crushed salted, dry-roasted peanuts']","['Whisk hot chili paste, honey, vinegar, and 2 tsp. sesame oil in a small bowl to combine. Season shrimp lightly with kosher salt and place in a resealable plastic bag. Pour in half of marinade and seal bag. Transfer remaining marinade to a small bowl and set aside for serving. Let shrimp sit at room temperature, turning the bag occasionally to ensure even coating, 10–15 minutes.', 'Remove shrimp from marinade, allowing excess to drip back into bag, and transfer to paper towels to drain. Heat 1 Tbsp. vegetable oil in a large cast-iron skillet over medium-high until shimmering. Working in batches and adding another 1 Tbsp. oil along the way if the skillet is looking dry, arrange shrimp in skillet in a single layer and cook undisturbed 2 minutes (the marinade will have darkened in color and some of the sugars in it will have started to caramelize). Turn shrimp over and cook 30 seconds. Transfer to a platter.', 'Arrange cucumbers on platter next to shrimp; season with sea salt and drizzle with remaining 2 tsp. sesame oil. Arrange lettuce leaves and mint sprigs on platter so that each component is visible and easily accessible. Place crushed peanuts in a small bowl and set out next to platter along with reserved marinade (for spooning into wraps).']","['Bon Appétit', 'Dinner', 'Seafood', 'Shellfish', 'Shrimp', 'Chile Pepper', 'Hot Pepper', 'Honey', 'Sesame Oil', 'Cucumber', 'Lettuce', 'Mint', 'Peanut']"
Smashed Cucumber Salad with Lemon and Celery Salt,recipe,"If you have ever peeled, seeded, and sliced cucumbers for salads, this recipe will hopefully change your mind. Smashing the cucumbers augments the vegetable's ability to absorb seasonings.",/recipes/food/views/smashed-cucumber-salad-with-lemon-and-celery-salt,0,0%,"['5 mini seedless or Persian cucumbers or 1 small English hothouse cucumber (about 12 oz.)', 'Kosher salt', '1 (3x1"") strip lemon zest, very thinly sliced', '2 Tbsp. fresh lemon juice', '2 Tbsp. extra-virgin olive oil', '1/4 tsp. celery salt, plus more for serving']","['Gently smash cucumbers with a rolling pin or the back of a heavy knife just to break open. Tear into irregular 2"" pieces and place in a medium bowl; season lightly with salt. Let sit at least 5 minutes and up to 1 hour.', 'Meanwhile, whisk lemon zest, lemon juice, oil, and 1/4 tsp. celery salt in a medium bowl to combine; season dressing with salt.', 'Drain cucumbers, discarding any liquid they have released. Add to bowl with dressing and toss several times to coat. Sprinkle with more celery salt.']","['Bon Appétit', 'Salad', 'Cucumber', 'Side', 'Lemon', 'Quick & Easy', 'Vegetarian', 'Vegan', 'Lemon Juice', 'Wheat/Gluten-Free']"
Thai-Style Squid and Cucumber Salad,recipe,"Tossed with crunchy cucumbers, peanuts, and fresh red chiles, this salad makes a refreshing summer dinner spooned over rice or all on its own.",/recipes/food/views/thai-style-squid-and-cucumber-salad,2.5,50%,"['1/4 cup fresh lime juice (from about 3 limes)', '1 garlic clove, finely grated', '1 Tbsp. fish sauce', '1 1/2 tsp. dark brown sugar', '1/4 cup plus 1 Tbsp. (or more) vegetable oil', '2 tsp. kosher salt, divided', '4 mini seedless or Persian cucumbers, halved lengthwise, sliced diagonally into 1/4""-thick slices', '1–2 Fresno chiles, seeded, thinly sliced', '1/2 cup salted, roasted peanuts', '1 1/2 lb. cleaned squid, patted dry', '1/4 cup cilantro sprigs', 'Steamed white rice (for serving; optional)']","['Whisk lime juice, garlic, fish sauce, brown sugar, 1/4 cup oil, and 1/2 tsp. salt in a large bowl. Add cucumber, chiles, and peanuts and toss to coat. Set aside.', 'Make sure squid is as dry as possible, then toss with remaining 1 1/2 tsp. salt. Separate bodies from tentacles.', 'Heat 1 Tbsp. oil in a large cast-iron skillet until smoking. Sear half of the tentacles (don’t try to do more than half—you don’t want to crowd the pan), turning once halfway through, until lightly charred and opaque, 2–3 minutes. Transfer to a plate. Repeat with remaining tentacles, adding more oil if needed. Add a little more oil, then sear half of the bodies, turning once and picking up with tongs so that any liquid that has accumulated inside bodies can pour off into skillet and evaporate, until lightly charred and opaque, 2–3 minutes. Transfer to plate with cooked tentacles. Repeat with remaining bodies. Thinly slice bodies, then transfer squid to bowl with cucumber mixture and toss to coat.', 'Arrange salad on a platter and drizzle remaining dressing over. Top with cilantro sprigs. Serve with rice alongside, if using.']","['Salad', 'Lime Juice', 'Garlic', 'Cucumber', 'Chile', 'Peanut', 'Squid', 'Cilantro', 'Rice', 'Dinner', 'Asian', 'Southeast Asian', 'Thai', 'Thailand', 'Seafood', 'Summer', 'Spring']"
Spicy Grilled Chicken with Crunchy Fennel Salad,recipe,"This chicken packs some heat, which is why we paired it with a superclean and cooling crisp fennel salad. If fennel is not your thing, any shaved crunchy veg will do. Try radishes, carrots, or cucumbers instead.",/recipes/food/views/spicy-grilled-chicken-with-crunchy-fennel-salad,4,100%,"['1 1/2 lb. skinless, boneless chicken thighs', 'Kosher salt', '2 garlic cloves', '3 oil-packed anchovy fillets (optional)', '1 red chile (such as Fresno or Holland), seeds removed, coarsely chopped', '2 Tbsp. tomato paste', '2 tsp. finely chopped oregano', '5 Tbsp. extra-virgin olive oil, divided, plus more for grilling', '2 lemons, halved', '2 medium fennel bulbs, tough outer layers removed, halved lengthwise, thinly sliced crosswise', '1 small white onion, very thinly sliced into rounds', '2 Tbsp. unseasoned rice vinegar', '1 Tbsp. toasted white and/or black sesame seeds']","['Pat chicken dry and season with salt. Set aside on a plate.', 'Smash garlic under the flat side of a chef’s knife on your cutting board. Add anchovies, if using, chile, and a couple of pinches of salt and continue smashing with the side of your knife until a paste forms. (You can also do this with a mortar and pestle.) Transfer paste to a large bowl and stir in tomato paste, oregano, and 3 Tbsp. oil. Add chicken and toss to coat. Let sit at room temperature 1 hour.', 'Meanwhile, prepare a grill for medium heat. Clean and oil grate. Grill chicken, turning once, until lightly charred and cooked through, about 4 minutes per side.', 'While the chicken is cooking, grill lemons, cut side down, until lightly charred and starting to caramelize, about 4 minutes. Transfer to a platter.', 'Transfer chicken to platter with lemons and let rest 5 minutes.', 'While the chicken is resting, toss fennel, onion, and vinegar in a medium bowl; drizzle with remaining 2 Tbsp. oil and season with a big pinch of salt and toss once more.', 'Mound fennel salad next to chicken and sprinkle sesame seeds over both. Squeeze grilled lemons over chicken and fennel salad.']","['Bon Appétit', 'Dinner', 'Chicken', 'Fennel', 'Sesame', 'Anchovy', 'Grill/Barbecue', 'Grill', 'Chile Pepper', 'Hot Pepper']"
Lemon Salmon with Creamy Cucumber Salad,recipe,"Marinate salmon in lemon zest and fresh dill, then grill and serve with crunchy chopped cucumbers draped in a coleslaw-like dressing.",/recipes/food/views/grilled-salmon-with-meyer-lemons-and-creamy-cucumber-salad,2.5,60%,"['4 (6-ounce) skin-on wild-caught salmon fillets', '1/2 cup extra virgin olive oil, plus more for grilling', '1 tablespoon grated Meyer or regular lemon zest', 'Juice of 2 Meyer lemons (see head note) or regular lemons, plus 1 or 2 Meyer or regular lemons, sliced into 8 thin rounds', '1 tablespoon minced fresh dill', '1 tablespoon pink or regular sea salt']","['To prepare the salmon: Brush the skin side of the salmon fillets with some olive oil. In a small bowl, combine the 1/2 cup olive oil, lemon zest, lemon juice, dill, and salt. Pour the mixture into a shallow dish and place the fillets skin side up in the dish. Cover and refrigerate for 1 hour.', 'Meanwhile, prepare the creamy cucumber salad: In a medium bowl, whisk together the mayonnaise, sour cream, lemon juice, dill, salt, and pepper. Fold in the cucumber until completely coated. Taste and adjust the lemon juice or salt. Cover and refrigerate until needed, up to 2 hours.', 'Prepare a medium-hot grill. Lightly oil the grill grate.', 'Place the fillets skin side down on the grill and brush them with the marinade. Cover the grill and cook without flipping until the salmon flakes, 10 to 12 minutes. Brush the lemon slices on both sides with oil and grill until marks appear, 1 to 2 minutes per side.', 'Arrange the fish on individual plates or a serving platter. Place 1 or 2 grilled lemon slices on top of each fillet and dust with chives. Serve with the cucumber salad.', 'Store leftover salmon and cucumber salad in the refrigerator for up to 2 days.']","['HarperCollins', 'HarperCollins', 'Salmon', 'Grill', 'Lemon', 'Cucumber', 'Mayonnaise', 'Sour Cream', 'Dill', 'Summer', 'Grill/Barbecue', 'Dinner', 'Seafood', 'Fish']"
Smashed Cucumber Salad with Hot Vinegar,recipe,"Cucumbers are practically all water, so you gotta dress them like you mean it. This hot, sweet, and tart dressing will have them covered.",/recipes/food/views/smashed-cucumber-salad-with-hot-vinegar,0,0%,"['5 mini seedless or Persian cucumbers or 1 small English hothouse cucumber (about 12 oz.)', 'Kosher salt', '4 red or green Thai chiles, halved lengthwise keeping stem end intact, or 1 serrano chile, thinly sliced', '2 garlic cloves, lightly smashed', '1/2 cup unseasoned rice vinegar', '2 Tbsp. fish sauce', '1 Tbsp. sugar', 'Chopped unsalted or salted roasted peanuts (for serving)']","['Gently smash cucumbers with a rolling pin or the back of a heavy knife just to break open. Tear into irregular 2"" pieces and place in a medium bowl; season lightly with salt. Let sit at least 5 minutes and up to 1 hour.', 'Meanwhile, whisk chiles, garlic, vinegar, fish sauce, and sugar in a medium bowl until sugar dissolves. Let sit while cucumbers macerate.', 'Drain cucumbers, discarding any liquid they have released. Add to bowl with dressing and toss several times to coat. Top with peanuts.']","['Bon Appétit', 'Salad', 'Cucumber', 'Vinegar', 'Chile Pepper', 'Peanut', 'Vegan', 'Vegetarian', 'Side', 'Asian']"
Sam's Spring Fattoush Salad,recipe,Part of what makes this salad so great is the dynamic textures; the cracker-like baked lavash croutons and the crunchy cucumbers and radishes contrast with the creamy feta and soft herbs.,/recipes/food/views/sams-spring-cucumber-radish-fattoush-salad,4,100%,"['2 pieces lavash bread', '1/4 cup plus 3 tablespoons extra-virgin olive oil', 'Kosher salt', 'Aleppo pepper (optional)', '1/4 cup lemon juice', '1 clove garlic, peeled and minced', '5 Persian, Armenian, or Japanese cucumbers, thinly sliced', '5 radishes, thinly sliced', '3 green onions, thinly sliced', '1 cup dill fronds', '1 cup mint leaves', '1/2 cup feta, preferably sheep’s milk']","['Preheat the oven to 350°F. Brush the lavash on both sides with 3 tablespoons of the olive oil. Arrange on a baking sheet and sprinkle with salt and Aleppo pepper, if using. Transfer to the oven and bake until golden and crisp, 8 to\n10 minutes. Remove from the oven and let cool.', 'In a small bowl, whisk together the lemon juice, garlic, and a generous pinch of salt. Whisk in the remaining 1/4 cup olive oil until combined.', 'In a large salad bowl, combine the cucumbers, radishes, green onions, dill, and mint. Drizzle half of the dressing over it and toss with your hands to coat. Break the lavash into bite-size pieces and add to the bowl along with the feta. Drizzle over the remaining dressing and gently mix with your hands to combine. Season to taste with additional salt and Aleppo pepper and serve immediately.']","['Small Plates', 'Salad', 'Spring', 'Bread', 'Cucumber', 'Radish', 'Green Onion/Scallion', 'Dill', 'Mint', 'Feta', 'Quick & Easy', 'Quick and Healthy', 'Vegetarian']"
Everything You Don't Know About Electric Knives,article,The history isn't pretty.,/expert-advice/how-to-handle-electric-knife-article,,,,,
Skirt Steak with Spicy Coconut Dressing,recipe,This recipe is exceptionally weeknight-friendly (it goes from start to finish in less than an hour) and fully adaptable depending on the tastes of your family.,/recipes/food/views/skirt-steak-with-spicy-coconut-dressing,4,100%,"['1/2 red jalapeno, Fresno or serrano chile, finely grated', '1 garlic clove, finely grated', '1-inch piece fresh ginger, peeled and finely grated', '4 tablespoons coconut cream from 1 small can unsweetened full-fat coconut milk', '1/4 cup fresh lime juice, plus wedges for serving', 'Kosher salt', '2 tablespoons unsweetened shredded coconut', '1 pound skirt steak, cut into two or three pieces', '2 tablespoons extra-virgin olive oil', '1/2 head iceberg lettuce, leaves torn into palm-size pieces', 'Handful of cilantro leaves and tender stems, torn', '1 avocado, cut into 1/2-inch pieces']","['In a large bowl, combine chile, garlic, ginger, coconut cream, and lime juice. Season with salt and stir to combine. Stir in coconut and taste dressing: It should be fairly tangy, spicy, and salty to balance the mild iceberg. Dressing may seize up and seem very thick, but it will loosen up when tossed with the salad.', 'Season steak on both sides with salt.', 'Place a 10- or 12-inch skillet, preferably cast-iron, over medium-high heat. Add oil and when it shimmers, place steaks carefully into pan and cook, undisturbed, until browned on underside, 2–3 minutes. Turn and cook until browned on second side and medium-rare, about 2 minutes longer. Transfer steaks to a platter and let rest 5–10 minutes before cutting against the grain into 1/4-inch slices.', 'Add lettuce and cilantro to bowl with dressing and toss to coat. Taste the lettuce and add more salt and/or lime juice if needed. Add avocado and toss gently to distribute. Serve steak and salad with lime wedges for squeezing over.']","['Dinner', 'Steak', 'Salad', 'Chile Pepper', 'Ginger', 'Coconut', 'Lime Juice', 'Avocado', 'Lettuce', 'Cilantro', 'Beef', 'Soy Free', 'Dairy Free', 'Peanut Free', 'Wheat/Gluten-Free', 'Tree Nut Free', 'Kid-Friendly', 'Small Plates', 'Quick & Easy', 'Quick and Healthy']"
Weekly Meal Plan: March 11–15,article,"A Sunday frittata, impromptu Pu Pu, and a super-easy steak night.",/expert-advice/weekly-meal-plan-sunday-frittata-impromptu-pu-pu-and-a-super-easy-steak-night-article,,,,,
Mango Toast with Hazelnut-Pepita Butter,recipe,"Savory fruit toast is the new avocado toast. Other combinations we’re crushing on: lemony yogurt with cucumbers, almond butter and pears.",/recipes/food/views/mango-toast-with-hazelnut-pepita-butter,0,0%,"['1 cup blanched hazelnuts', '1 cup raw pumpkin seeds (pepitas)', 'Kosher salt', '1/4 cup freeze-dried blueberries', '2 teaspoons mild red pepper flakes (such as Aleppo-style or Urfa pepper)', '4 slices sourdough bread, toasted', '2 tablespoons extra-virgin olive oil, plus more for drizzling', '2 large ripe mangoes, peeled, sliced', 'Honey (for serving)', 'Flaky sea salt']","['Preheat oven to 300°F. Toast hazelnuts on a rimmed baking sheet, tossing once, until golden brown, 20–25 minutes.', 'Meanwhile, toast pumpkin seeds on a separate baking sheet, tossing once, until just beginning to brown in a few spots and very fragrant, 14–16 minutes.', 'Let hazelnuts and pumpkin seeds cool. Purée in a food processor until a smooth paste forms (this will take several minutes and you will need to scrape down sides a few times.) Taste and season hazelnut–pumpkin seed butter with kosher salt.', 'Finely grind blueberries, red pepper flakes, and a pinch of kosher salt in spice mill or with mortar and pestle. Drizzle toast with 2 Tbsp. oil and spread 2 Tbsp. hazelnut–pumpkin seed butter over each. Top with mango; drizzle with honey and oil. Sprinkle with blueberry–red pepper mixture and sea salt.']","['Bon Appétit', 'Breakfast', 'Tropical Fruit', 'Mango', 'Hazelnut', 'Seed', 'Honey', 'Vegetarian']"
Weekly Meal Plan: April 8–12,article,"Zingy pineapple shrimp, sheet-pan tandoori chicken, and the world’s easiest enchiladas.",/recipes-menus/weekly-meal-plan-zingy-pineapple-shrimp-sheet-pan-tandoori-chicken-and-the-worlds-easiest-enchiladas-article,,,,,
"Turn Veggies into Dinner with One of These ""Sauces"" ",article,They're the secret to our food editor's favorite quick and easy weeknight dinners.,/expert-advice/high-protein-sauces-for-vegetables-article,,,,,
Weekly Meal Plan: September 3–7,article,Featuring sheet-pan chicken and so. many. cherry tomatoes.,/recipes-menus/weekly-meal-plan-sept-3-7-2018-article,,,,,
This Chilled Cucumber-Avocado Soup Is the Easiest Summer Dinner I Know,article,It's cool yet spicy. Elegant yet easy. And perfect for warm-weather get-togethers.,/recipes-menus/this-chilled-cucumber-avocado-soup-is-the-easiest-summer-meal-i-know-article,,,,,
"The Fastest Way to ""Hard-Boil"" a Huge Batch of Eggs Is to Steam Them",article,Stick with me here.,/expert-advice/the-fastest-way-to-hard-boil-a-huge-batch-of-eggs-article,,,,,
Quick-Pickled Charred Vegetables,recipe,This technique is nothing short of amazing—even if you're finicky about your pickles.,/recipes/food/views/quick-pickled-charred-grilled-vegetables,4,100%,"['1 1/2 cups distilled white vinegar or cider vinegar', '1/2 cup sugar', '1 teaspoon salt', '1 teaspoon mustard seeds', '1 teaspoon coriander seeds', '1 teaspoon black peppercorns', '2 bay leaves', '2 cloves garlic, sliced', '2 pounds vegetables of your choice']","['Put the vinegar, sugar, salt, mustard seeds, coriander seeds, peppercorns, and bay leaves in a small saucepan over medium heat. Stir until the sugar dissolves. Remove from the heat and add the garlic. When it cools, pour it into a large, nonreactive metal or glass bowl.']","['Appetizer', 'Condiment', 'Pickles', 'Vegetable', 'Vegetarian', 'Vegan', 'Grill', 'Grill/Barbecue']"
Green Beans and Cucumbers with Miso Dressing,recipe,"Crushing and smashing green beans and cucumbers sounds crazy, but it creates nooks and crannies to soak up as much umami-rich miso sauce as possible. And this is a dressing you'll want a lot of.",/recipes/food/views/green-beans-and-cucumbers-with-miso-dressing,3.5,88%,"['3 Persian cucumbers or 1/2 English hothouse cucumber', 'Kosher salt', '1 pound green beans, trimmed', '1 (1 1/2)-inch piece ginger, peeled, finely grated', '1 serrano or Fresno chile, finely grated', '1 garlic clove, finely grated', '1/3 cup unseasoned rice vinegar', '1/4 cup white miso', '1/4 cup olive oil', '1/2 teaspoon toasted sesame oil', 'Toasted sesame seeds and sliced scallions (for serving)']","['Lightly smash cucumbers with a rolling pin, then tear into bite-size pieces. Toss with a pinch of salt in a medium bowl. Let sit to allow salt to penetrate.', 'Meanwhile, place green beans in a large resealable plastic bag, seal, and smash with rolling pin until most of the beans are split open and bruised. Whisk ginger, chile, garlic, vinegar, miso, olive oil, and sesame oil in a medium bowl until smooth. Add dressing to beans and toss around in bag to coat; season with salt.', 'Drain cucumbers and add to bag with beans. Shake gently to combine. Transfer salad to a platter and top with sesame seeds and scallions.']","['Bon Appétit', 'Summer', 'Salad', 'Salad Dressing', 'Cucumber', 'Sesame', 'Sesame Oil', 'Green Bean', 'Wheat/Gluten-Free', 'Side', 'Asian', 'Ginger']"
Weekly Meal Plan: January 28–February 1,article,"Savory beef-cheddar pies, mustard chicken, and a baked potato bar.",/recipes-menus/weekly-meal-plan-savory-beef-cheddar-pies-mustard-chicken-and-a-baked-potato-bar-article,,,,,
"Watch Out Zester, We're Reaching for a New Microplane Tool ",article,Meet the ginger grater.,/expert-advice/microplane-ginger-grater-article,,,,,
Weekly Meal Plan: August 27–31,article,"Grill-ahead dinners, hummus bowls, and an old-fashioned Tex-Mex taco night.",/recipes-menus/weekly-meal-plan-grill-ahead-dinners-and-easy-hummus-bowls-article,,,,,
Weekly Meal Plan: April 15–19,article,It's so good you'll forget it's Tax Week.,/recipes-menus/weekly-meal-plan-lamb-meatballs-sheet-pan-salmon-and-mind-blowing-tofu-article,,,,,
Weekly Meal Plan: May 13–17,article,"Herby shrimp, gingery chicken soup, and cheesesteak calzones.",/recipes-menus/weekly-meal-plan-herby-shrimp-gingery-chicken-soup-and-cheesesteak-calzones-article,,,,,
Store Cucumbers Like a Pro,article,Soggy spoiled cucumbers are sad: avoid them forever by learning how to store cucumbers the right way.,/ingredients/how-to-store-cucumbers-article,,,,,
Weekly Meal Plan: March 25–29,article,"Big-batch spiced pork, crunchy chicken, and four-ingredient chickpea flatbreads.",/recipes-menus/weekly-meal-plan-big-batch-spiced-pork-crunchy-chicken-and-burst-tomato-sauce-article,,,,,
Oven-Roasted Tofu Is the Vegetarian Main We've Been Waiting For,article,"Instead of sautéeing neat squares of tofu, try tearing it into rough, craggy pieces and roasting until browned and crispy.",/ingredients/oven-roasted-tofu-is-the-vegetarian-main-we-need-article,,,,,
This Soy Sauce is Better Than Anything You've Had from the Grocery Store,article,It's imported from Japan—and available on Amazon.,/expert-advice/this-is-the-best-soy-sauce-article,,,,,
Weekly Meal Plan: January 14–18,article,"Citrus shrimp, slow-cooker pork shoulder, and breakfast for dinner.",/recipes-menus/weekly-meal-plan-citrus-shrimp-slow-cooker-pork-shoulder-and-breakfast-for-dinner-article,,,,,
Our 7 Favorite Ways to Cook Green Beans,article,"With these methods for roasting, blanching, grilling, and more, you'll never have to eat bland, overcooked green beans again.",/ingredients/how-to-prepare-and-cook-green-beans-article,,,,,
The Case for the Cumin Seed,article,"The versatility of the cumin is practically unmatched in the spice world. But if you're buying the pre-ground stuff, you're only getting half the story.",/ingredients/the-case-for-the-cumin-seed-article,,,,,
Weekly Meal Plan: January 7–12,article,You’ll have time to put up your feet every night this week.,/expert-advice/weekly-meal-plan-simply-roasted-salmon-sheet-pan-sausage-and-life-changing-polenta-article,,,,,
7 Last-Minute Gifts for Food Lovers,article,"Dearest procrastinators, we've got your back!",/holidays-events/last-minute-food-gifts-article,,,,,
The Slice-and-Spice Pork Tenderloin You Freeze Before You Prep,article,"For this month's Sunday Stash, we're putting together several meals worth of sliced-and-spiced pork that's ready to be turned into dinner at a moment's notice.",/expert-advice/big-patch-sliced-pork-tenderloin-freeze-before-prep-article,,,,,
9 Japanese Cookware Gifts That Are All About Form and Function,article,"Beautiful cast-iron pans, earthenware pots, and more gifts for classy cooks.",/expert-advice/japanese-cookware-gifts-article,,,,,
Tested and Approved: The Best Juicers,article,We scrubbed the pulp from seven different juicers to find the best one.,/expert-advice/best-juicers-breville-kuvings-article,,,,,
Breakfast Snack Trays Are Your New Brunch Staple,article,It's the quickest way to feed all those hungry relatives staying at your house.,/expert-advice/breakfast-snack-trays-are-your-new-brunch-staple-article,,,,,
Weekly Meal Plan: June 18–22,article,"Roast chicken with white beans, swordfish steaks, avocado soba noodles.",/recipes-menus/weekly-meal-plan-roast-chicken-with-white-beans-swordfish-steaks-avocado-soba-noodles-article,,,,,
Weekly Meal Plan: July 16–20,article,A week of paleo-friendly dinners.,/recipes-menus/weekly-meal-plan-for-july-16-20-a-week-of-paleo-friendly-dinners-article,,,,,
Weekly Meal Plan: October 29–November 2,article,We’ve got plenty of tricks—and treats—in store for you.,/recipes-menus/weekly-meal-plan-a-super-easy-week-with-pork-chops-noodles-and-pizza-article,,,"['4 cups cilantro', '1 1-inch piece ginger, peeled, finely grated', '1/2 cup neutral oil (such as sunflower or canola)', '3 tablespoons fresh lime juice']","['Cook cilantro in a medium pot of boiling salted water until wilted, about 20 seconds. Drain and transfer cilantro to a bowl of ice water. Swish around in water to cool. Drain, then squeeze excess liquid from herbs with your hands.', 'Purée cilantro, ginger, and 2 Tbsp. water in a blender until almost smooth. With motor running, gradually stream in oil and blend until smooth. Strain cilantro oil through a fine-mesh sieve into a small bowl; discard any solids. Mix lime juice into oil and season with salt.']","['Bon Appétit', 'Fish', 'Lime Juice', 'Breadcrumbs', 'Cilantro', 'Ginger', 'Cucumber', 'Fennel', 'Onion', 'Chile Pepper', 'Dinner', 'Fry', 'Mexican']"
Crispy Fish Fillets with Cucumber Ceviche,recipe,"Serve panko-crusted white fish with a piquant relish of cucumbers, fennel, and chiles, kissed with both lime and cilantro.",/recipes/food/views/fish-milanese-with-cucumber-ceviche,4,100%,,,
Teach Your Kids to Make Their Own Lunch: Part Two,article,"From grocery shopping to prep work, here's how you and your kids can nail the details.",/expert-advice/teach-your-kids-to-make-their-own-lunch-part-two-article,,,,,
Weekly Meal Plan: July 9–13,article,Make-ahead meals (and a taco night!) for summer.,/recipes-menus/weekly-meal-plan-make-ahead-meals-taco-night-for-summer-article,,,,,
The Best Way to Clear Out All Those Lingering Condiments in Your Fridge,article,Stop hanging on to that last spoonful of hot chili jam from three years ago—it's time for it to go.,/ingredients/the-best-way-to-use-up-all-those-lingering-condiments-in-your-fridge-article,,,,,
Why You Should Grill Your Vegetables Before Pickling Them,article,You've had pickles with barbecue. But what about a barbecued pickle?,/expert-advice/why-grill-your-vegetables-before-pickling-them-article,,,,,
5 Ways to Make Melon Savory,article,"Watermelons, cantaloupes, and honeydews lean sweet—and that's why they play so well with salt, vinegar, and cheese.",/ingredients/how-to-cook-melon-savory-article,,,,,
The Best Mayonnaise Money Can Buy,article,The best mayo is just one swipe away.,/ingredients/best-mayonnaise-grocery-store-article,,,,,
Thai-Style Pineapple-Coconut Rice,recipe,"Keep the accompaniments simple by serving with a platter of sliced baked tofu, cucumbers, tomatoes, and baby carrots.",/recipes/food/views/thai-style-pineapple-coconut-rice,3,100%,"['1 1/2 cups uncooked long- grain brown rice, such as brown basmati', '1 cup light coconut milk (about half a 15-ounce can), or more as needed', '1 tablespoon safflower or other high-heat oil or 3 tablespoons vegetable broth or water', '1 large onion, preferably red, chopped', '2 cups small broccoli florets', '1 medium red or green bell pepper, diced', '2 medium carrots, peeled and sliced', '2 medium ripe fresh tomatoes, diced', '2 cups fresh pineapple chunks (about 3/4 inch thick) or one 20-ounce can unsweetened pineapple chunks in juice, drained (reserve liquid for another use)', '1 to 2 teaspoons good-quality curry powder', '2 teaspoons minced fresh or jarred ginger, or more to taste', 'Salt to taste', 'Crushed red pepper flakes to taste', 'Crushed peanuts or cashews for topping (optional)']","['Combine the rice with 2 cups water and the coconut milk in a saucepan. Bring to a rapid simmer, then cover and simmer gently until the water is absorbed, about 30 to 35 minutes.', 'Meanwhile, heat the oil in a stir- fry pan or a wide skillet. Add the onion and saute over medium heat until golden.', 'Add the broccoli, bell pepper, and carrots. Turn the heat up to medium-high and stir-fry for 3 to 4 minutes, or until the vegetables are just tender-crisp.', 'Add the tomatoes and pineapple chunks and continue to stir-fry for a minute or two, just until the tomatoes soften slightly.', 'Stir in the cooked rice, curry powder, and ginger. Stir gently until all the ingredients are completely combined. Since about half the can of coconut milk is remaining, if you’d like the mixture to be a bit more moist, add 1/4 cup or so more, but take care not to make the mixture soupy.', 'Season with salt and red pepper flakes. Serve at once, passing around crushed nuts to top individual servings, if desired.']","['HarperCollins', 'Coconut', 'Pineapple', 'Brown Rice', 'Rice', 'Thai']"
How to Snack on Thanksgiving So You Don't Get Hangry,article,We're here to save you with a snacking strategy.,/holidays-events/this-is-your-official-thanksgiving-snacking-strategy-article,,,,,
Weekly Meal Plan: September 17–21,article,A week of easy meals that take you from summer into fall.,/recipes-menus/weekly-meal-plan-corn-tomatoes-and-lots-of-butternut-squash-article,,,,,
How to Eat Radishes: 10 Radish Recipes to Try Tonight,article,"Crunchy, spicy, and not too shabby to look at, radishes are great on their own. But these 10 recipes help you put the radishes to work in salads, tacos, and more.",/expert-advice/how-to-eat-radishes-article,,,,,
"Family Dinner Wins: 5 Easy, Back-Pocket Meals That Save Us From Takeout",article,"The last-minute recipes born of necessity—and, occasionally, desperation—that end up becoming family favorites.",/expert-advice/family-dinner-wins-easy-back-pocket-meals-article,,,,,
The Adult Lunch Boxes That Will Finally Motivate You to Pack a Lunch,article,And stop spending 20 bucks a day on a mediocre salad.,/expert-advice/the-best-adult-lunch-boxes-bowls-and-bento-sets-article,,,,,
"The Best Mixing Bowls for Giant Salads, Movie Night Popcorn, and Cookie Dough",article,"We tested top-rated sets of mixing bowls—including glass, stainless steel, and plastic varieties—to find the best one for everyday kitchen tasks.",/expert-advice/the-best-mixing-bowls-product-review-article,,,,,
The Easiest Way to Make Lunch at Your Desk,article,Don't have time to meal prep? You can make a salad right at your desk with these handy tricks.,/expert-advice/how-to-assemble-a-desk-side-salad-article,,,,,
Weekly Meal Plan: June 4–8,article,"Chicken shawarma, herby tuna pasta, and mapo tofu.",/recipes-menus/weekly-meal-plan-shawarma-chicken-herby-tuna-pasta-and-mapo-tofu-article,,,,,
30 Best Burger Recipes (and Tips on How to Cook Them to Perfection),article,"Secrets from grilling experts on how to make the best burger, ever.",/recipes-menus/best-burger-recipes-article,,,,,
The Best Subscription Boxes That Make Great Food Gifts,article,"It doesn't get much better than monthly deliveries of cheese, coffee, and pasta.",/expert-advice/food-subscription-box-gift-ideas-article,,,,,
"Nachos Are a Magical, Kid-Friendly Way to Repurpose Leftovers",article,"Last night's dinner is tonight's topping for crispy, cheesy nachos.",/expert-advice/nachos-are-a-magical-kid-friendly-way-to-repurpose-leftovers-article,,,,,
The Best Pickles Are Homemade Pickles,article,Gather your Kirby cukes and get started.,/expert-advice/how-to-can-pickles-weekend-warrior-article,,,,,
Weekly Meal Plan: March 19–23,article,"Lemony soup, fast tacos, and a salad that's secretly a pizza.",/recipes-menus/weekly-meal-plan-starring-lemony-soup-fast-tacos-and-a-salad-thats-secretly-a-pizza-article,,,,,
6 Ways to Use the Dull Side of Your Chef's Knife,article,The dull side of the knife is actually pretty interesting.,/expert-advice/how-to-use-back-of-chefs-knife-article,,,,,
Weekly Meal Plan: June 11–15,article,"Chipotle-lime steak, salmon burgers, and peanutty rice noodles.",/expert-advice/weekly-meal-plan-chipotle-lime-steak-salmon-burgers-and-peanut-rice-noodles-article,,,,,
The Bowl That Makes Every Salad Better,article,Toss your salad like a pro.,/expert-advice/youre-gonna-need-a-bigger-bowl-salad-article,,,,,
Big-Batch Roasted Kale Is a Dinnertime Savior,article,Even though my kids won't eat it.,/recipes-menus/big-batch-roasted-kale-is-a-dinnertime-savior-sunday-stash-article,,,,,
Everything You Need for At-Home Canning,article,We talked to an expert so you can be someone who cans at home.,/expert-advice/everything-you-need-for-canning-at-home-article,,,,,
Peanut Noodles with Chicken and Snap Peas,recipe,"Featuring an easy make-ahead peanut sauce, these chicken noodle bowls come together in no time at all.",/recipes/food/views/rice-noodles-with-peanut-sauce-chicken-and-snap-peas,3.5,100%,"['3 tablespoons olive oil', '1/2 teaspoon ground cumin', '1 1/2 teaspoons kosher salt, divided', '3/4 teaspoon freshly ground black pepper, divided', '1 1/4 pounds boneless, skinless chicken thighs, trimmed', '2 limes, divided', '1 batch Kid-Friendly Peanut Sauce', '8 ounces dried thin rice noodles', '1/2 cup cilantro, coarsely chopped, divided', '1/2 cup toasted peanuts, coarsely chopped, divided', '2 Persian cucumbers, thinly sliced on the bias', '2 medium carrots (about 4 ounces each), grated', '1/2 pound sugar snap peas, trimmed']","['Preheat oven to 425°F. Stir oil, cumin, 1 tsp. salt, and 1/2 tsp. pepper in a large bowl. Add chicken and toss to coat. Spread on a rimmed baking sheet and roast until an instant-read thermometer inserted into thickest part of thigh registers 165°F, 15–17 minutes. Transfer chicken to a cutting board and thinly slice.', 'Meanwhile, juice 1 lime to yield 3 Tbsp. juice. Cut remaining lime into wedges. Whisk peanut sauce, lime juice, and remaining 1/2 tsp. salt and 1/4 tsp. pepper in a large bowl.', 'Cook noodles according to package directions. Drain. Transfer noodles to another large bowl. Add 1 1/2 cups peanut sauce mixture, 1/3 cup cilantro, and 1/3 cup peanuts and toss to combine. Divide noodle mixture among bowls.', 'Transfer sliced chicken to same large bowl and toss with 2 Tbsp. peanut sauce mixture; arrange in a section over noodles. Toss cucumbers and 2 Tbsp. peanut sauce mixture in same large bowl; arrange in another section over noodles. Toss carrot and 1/4 cup peanut sauce mixture in same large bowl; arrange in another section over noodles. Toss snap peas and 2 Tbsp. peanut sauce mixture in same bowl; arrange in another section over noodles. Serve remaining sauce mixture alongside or reserve for another use. Top bowls with remaining cilantro and peanuts and serve with lime wedges alongside.', '']","['Back to School', 'Dinner', 'Noodle', 'Chicken', 'Sugar Snap Pea', 'Cucumber', 'Peanut', 'Kid-Friendly', 'Lime Juice', 'Cilantro', 'Small Plates']"
Weekly Meal Plan: May 28–June 1,article,"Barbecue pork, hot-honey chicken, and a chef's salad upgrade.",/holidays-events/weekly-meal-plan-bbq-pork-hot-honey-chicken-and-a-chefs-salad-upgrade-article,,,,,
Thai Beef Salad,recipe,"We eat this salad—which is a great way to stretch a piece of beef—all year long for lunch and dinner, but it's particularly good during the warmer months. The thinly sliced meat, the crunch of the cucumbers and red onions, and the heady aroma of mint and cilantro tossed with the chile-spiked salty-sweet dressing seem made for hot days and nights.",/recipes/food/views/thai-beef-salad,4,100%,"['1 pound (455 g) strip steak (about 1 inch/2.5 cm thick; see Tip), trimmed and at room temperature', 'Vegetable oil', 'Salt and pepper', '1 large head of butter lettuce, also known as Boston or Bibb, leaves torn into bite-size pieces', '1/2 English cucumber, halved lengthwise and sliced', '1/2 pint (120 g) cherry tomatoes, halved', '1/2 small red onion, halved lengthwise and thinly sliced', 'Handful of fresh mint leaves, roughly chopped', 'Large handful of fresh cilantro leaves, roughly chopped', 'Chile-Lime Sauce', 'Handful of roasted peanuts, whole or roughly chopped (optional)']","['Preheat the broiler, with a rack positioned so that the meat will be 3 to 4 inches (7.5 to 10 cm) from the heat. Line the bottom of a broiler pan with foil for easier clean-up, if you like, then top with the broiler rack. Put the meat on the broiler rack, lightly coat with the oil, and season with salt and pepper. Broil the meat for 5 to 7 minutes per side for medium-rare (err on the side of caution with the time; you can always cook it more). Transfer to a cutting board, sprinkle with salt, and let rest for 5 to 10 minutes.', 'Meanwhile, in a large bowl, combine the lettuce, cucumbers, tomatoes, onions, mint, and cilantro.*', 'Cut the meat against the grain into very thin slices and add to the bowl. (If the meat is still hot, wait a few minutes until it is warm or it will wilt the lettuce and herbs.) Drizzle the salad with just enough Chile-Lime Sauce to lightly coat and gently toss together. Top with the peanuts, if you like.']","['Salad', 'Thai', 'Southeast Asian', 'Beef', 'Cucumber', 'Chile Pepper', 'Dinner', 'Small Plates', 'Kid-Friendly']"
Smashed Cucumbers and Radishes in Yogurt Sauce,recipe,"Wheels of cucumbers and radishes are nice and all, but smashing them into ragged pieces is way more fun.",/recipes/food/views/smashed-cucumbers-and-radishes-in-yogurt-sauce,0,0%,"['1 small garlic clove, finely grated', '2 teaspoons fresh lemon juice', '1/2 cup plain whole-milk Greek yogurt', '2 tablespoons olive oil', 'Pinch of sugar', 'Kosher salt, freshly ground pepper', '4 ounces Persian cucumbers', '4 ounces red radishes, trimmed']","['Combine garlic and lemon juice in a small bowl and let sit 5 minutes.', 'Whisk yogurt, oil, and sugar in a large bowl; season with salt and pepper. Whisk in garlic mixture.', 'Using a rolling pin, meat mallet, or the flat side of a chef’s knife, lightly whack cucumbers and radishes so they begin to split apart (but not so forcefully that you smash them to smithereens). Tear cucumbers and radishes into bite-size pieces with your hands and fold into yogurt mixture. Season salad with more salt and lots and lots of pepper.', 'Transfer salad to an airtight container; cover and chill at least 2 hours. Shake to combine before serving.']","['Bon Appétit', 'Side', 'Salad', 'Radish', 'Cucumber', 'Yogurt', 'Lemon Juice']"
Weekly Meal Plan: March 5–9,article,"Filipino pork, crispy fish, and a ton of easy-does-it tips.",/recipes-menus/weekly-meal-plan-filipino-pork-and-a-ton-of-easy-does-it-tips-article,,,,,
How to Make a Cheese Plate for Yourself—and Why That's a Powerful Idea,article,"It's the easiest, most elegant solo dinner there is.",/expert-advice/how-to-make-a-cheese-plate-for-one-article,,,,,
Green Chicken Meatballs,video,"This big batch of meatballs is inspired by kofta, the flavor-packed ground meat patties popular throughout the Middle East and North Africa. Stash them in your freezer so you always have the building blocks of a great meal. Try them simmered in tomato sauce, served over grains or greens, or packed into pita sandwiches with cucumbers, red onion, mint, and a tangy yogurt sauce. Get the recipe: http://www.epicurious.com/recipes/food/views/herby-chicken-kofta-meatballs",http://video.epicurious.com/watch/green-chicken-meatballs,,,,,
"The Best Vegetarian Cookbooks, According to the Epicurious Staff",article,"Recipe collections that'll get you excited about vegetables, from seed to stem.",/expert-advice/best-vegetarian-cookbooks-article,,,,,
What to Pack for Lunch When Your Kid Won't Eat Sandwiches,article,A nutritionist tells us what she puts in her kids' lunchboxes.,/expert-advice/what-to-pack-for-lunch-when-your-kid-wont-eat-sandwiches-article,,,,,
A Breastfeeding Mama’s Snacking Survival Guide,article,"At home or on the road, a smartly stocked grab bag can make all the difference.",/expert-advice/a-breastfeeding-mamas-snacking-survival-guide-article,,,,,
My Kid Is a Vegetarian—Now What?,article,Compromising at the dinner table might not be as difficult as you think.,/expert-advice/my-kid-is-a-vegetarian-article,,,,,
"41 Crisp, Crunchy, and Cooling Cucumber Recipes",gallery,Nothing's cooler than a cucumber.,/recipes-menus/12-refreshing-ways-to-eat-cucumbers-gallery,,,,,
Weekly Meal Plan: Easy Post-Thanksgiving Family Dinners ,article,"Last week was full of cooking—this week, slow it down with some easy favorites.",/expert-advice/weekly-meal-plan-easy-post-thanksgiving-family-dinners-article,,,,,
"Weekly Meal Plan: 5 Fast, Family-Friendly Dinners",article,"From a veggie-packed noodle bowl to grilled cheese tacos, these kid-approved recipes can be made in 30 minutes or less.",/recipes-menus/weekly-meal-plan-family-friendly-kids-dinners-article,,,,,
Chicken Kofta Meatballs,recipe,Make a big batch of these spicy herbed meatballs and stash them in your freezer and you’ll always have the building blocks for an easy weeknight dinner on hand.,/recipes/food/views/herby-chicken-kofta-meatballs,3.5,88%,"['2 medium yellow onions, coarsely chopped (about 3 cups)', '4 garlic cloves, coarsely chopped', '1/4 cup plus 2 tablespoons olive oil', '2 teaspoons kosher salt, divided', '2 teaspoons ground cumin', '1 1/2 teaspoons ground coriander', '1/2 teaspoon red pepper flakes', '2 cups parsley leaves with tender stems', '1 cup mint leaves', '2 pounds ground chicken, preferably a mix of white and dark meat, not ""low-fat""']","['Preheat oven to 425°F. Pulse yellow onions and garlic in a food processor until very finely chopped.', 'Heat oil in a large skillet over medium-high. Add chopped onion and garlic, season with 1/2 tsp. salt, and cook, stirring, until softened and lightly browned, 10–15 minutes. Add cumin, coriander, and red pepper and cook, stirring, until fragrant, 30–60 seconds. Scrape into a large bowl and let cool slightly.', 'Wipe out food processor and add parsley and mint. Pulse until finely chopped, then transfer to bowl with onion mixture. Add chicken and remaining 1 1/2 tsp. salt to bowl with onion mixture. Mix with your hands to combine, but do not overwork. Divide into 16 equal portions (about 1/3 cup per kofta). Shape into 3 1/2x2"" ""footballs"" with tapered ends.', 'Arrange patties on a rimmed baking sheet and roast, flipping halfway through, until chicken is cooked through and an instant-read thermometer inserted into the center registers 165°F, about 8 minutes per side.']","['#cook90', 'Chicken', 'Meatball', 'Dinner', 'Middle Eastern', 'Cumin', 'Coriander', 'Parsley', 'Mint', 'Garlic', 'Poultry']"
Teriyaki Steak Skewers with Asian-Style Greens,recipe,"These steak kebabs are marinated in soy-ginger sauce, and served over a salad of bok choy, kale, and cucumbers.",/recipes/food/views/teriyaki-steak-skewers-with-asian-style-greens,1,0%,"['14 oz (400g) lean diced steak, with fat trimmed', '1 large bok choy, shredded', '1 large handful of kale, shredded', '1 spring onion, sliced', '1/2 cucumber, deseeded and diced', '1 tbsp sherry vinegar', '1 tsp olive oil', '1 tsp soy sauce', '1 red chile, deseeded and thinly sliced (optional)']","['Create your marinade by mixing the soy, mirin and honey with half of the ginger and pour it over the steak, leaving to marinate for about an hour.', 'Mix the bok choy, kale, spring onion and cucumber and toss with the sherry vinegar, the olive oil, the remaining ginger and the soy sauce and assemble in a serving bowl.', 'Using small skewers, thread about four steak pieces on to each skewer and then sear in a hot frying pan for about 2 minutes on each side.', 'Once all the steak has been cooked, serve with the salad. Finish with a sprinkling of chile, if using.']","['HarperCollins', 'Steak', 'Asian', 'Soy Sauce', 'Bok Choy', 'Skewer', 'Cucumber', 'Kale', 'Ginger', 'Dinner']"
How to Throw a Dinner Party Without Actually Cooking Anything,article,"For a quick, easy, and casual after-work dinner party, assemble ingredients from the grocery store into an elegant meal.",/expert-advice/no-cook-30-minute-dinner-party-menu-article,,,,,
The Best Gifts for Your Adult Siblings,article,Because sibling rivalry should be all about who scored the better present.,/holidays-events/gift-guide-adult-siblings-article,,,,,
"Yogurt with Raisins, Cucumber, and Walnuts",recipe,"Mast, which translates to yogurt in Farsi, is a staple side dish on most Persian tables. The yogurt can be mixed with shallots, grated cooked beets, cooked spinach, or, most commonly, with Persian cucumbers, mint, and dried rose.",/recipes/food/views/yogurt-with-raisins-cucumber-and-walnuts,0,0%,"['1/2 cup walnuts', '1 Persian cucumber, finely chopped', '3 cups plain whole-milk Greek yogurt', '3 tablespoons chopped golden raisins', '1 tablespoon finely grated green garlic, or 1 garlic clove, finely grated', '1 teaspoon finely grated lemon zest', '1 teaspoon fresh lemon juice', '1 tablespoon crushed dried mint leaves, plus more for serving', '1 tablespoon olive oil, plus more for drizzling', '2 teaspoons crushed dried rose petals; plus more for serving (optional)', 'Kosher salt, freshly ground pepper', '2–3 tablespoons whole milk (optional)', 'Aleppo-style pepper (for serving)']","['Preheat oven to 350°F. Toast walnuts on a rimmed baking sheet, tossing occasionally, until golden brown, 8–10 minutes. Let cool, then finely chop.', 'Mix walnuts, cucumber, yogurt, raisins, green garlic, lemon zest, lemon juice, 1 Tbsp. mint, 1 Tbsp. oil, and 2 tsp. rose petals, if using, in a medium bowl to combine; season with salt and pepper. If yogurt looks thick, stir in milk as needed.', 'Serve topped with Aleppo-style pepper and more dried mint and rose petals and drizzled with more oil.']","['Bon Appétit', 'Persian New Year', 'Middle Eastern', 'Yogurt', 'Side', 'Condiment', 'Dip', 'Walnut', 'Cucumber', 'Raisin', 'Garlic', 'Lemon', 'Mint']"
This Week's Meal Plan: 5 Days of Easy Grill-Friendly Dinners,article,"Spend some quality time with your grill this week making simple summer meals like grilled sausage with greens and lemon, Thai tofu and green bean salad, and grilled flatbread with smoked trout.",/recipes-menus/weekly-meal-plan-5-days-of-easy-grill-friendly-dinners-article,,,,,
How Having a Child With Food Allergies Changed the Way I Cook Dinner,article,"After her son was diagnosed with food allergies, this food-loving parent had to learn how to bring the world to him, one meal at a time.",/expert-advice/how-having-a-child-with-food-allergies-changed-the-way-i-cook-dinner-article,,,,,
Here's Why My Kids Eat Indian Food Almost Every Night,article,Chicago-based cookbook author Anupy Singla changed careers in order to change her family's eating habits. It worked.,/expert-advice/why-my-kids-eat-indian-food-almost-every-night-article,,,,,
This Week's Meal Plan: Cool Dinners for Hot Nights,article,"Too hot outside to eat anything warm? Make chilled corn soup, a summery salmon salad, and cool, spicy noodles instead.",/recipes-menus/this-weeks-meal-plan-cool-dinners-for-hot-nights-article,,,,,
5 Easy Weeknight Recipes to Get You Through the First Week of School,article,Put down that take-out menu. Sail through the school week with these family-friendly recipes that are just as fast and much more delicious.,/recipes-menus/your-seriously-easy-back-to-school-dinner-plan-article,,,,,
The Number One Reason You Don't Feel Like Cooking,article,"No, it's not because you're lazy.",/expert-advice/reason-you-dont-feel-like-cooking-how-to-cook-more-often-article,,,,,
The Central-Asian Herb Combo I Can't Get Enough Of,article,"It's unexpected, it's assertive, and it's remarkably delicious.",/ingredients/uzbek-cuisine-herb-combo-dill-and-cilantro-article,,,,,
"Step Aside, Avo Toast: Avocado Pickles Are a Thing",article,And they're super easy to make.,/expert-advice/avocado-pickles-are-the-newest-avo-trend-article,,,,,
The Secret Peanut Sauce of a Seven-Year-Old Chef,article,It's time to share the magic with your kids.,/recipes-menus/kid-friendly-peanut-sauce-essay-recipe-article,,,,,
Favorite Dill Pickles,recipe,"Often called kosher-style dill pickles, these are quick to make. Use either small whole cucumbers or cut larger ones into quarters. For an additional interesting flavor, tuck a small dried hot red pepper into each jar.",/recipes/food/views/fast-favorite-garlic-dill-pickles-230707,3.5,71%,"['8-10 small pickling cucumbers (about 3 pounds/1.5kg)', '2 cups (500 mL) white vinegar', '2 cups (500 mL) water', '2 tablespoons (25 mL) pickling salt', '4 heads fresh dill or 4 teaspoons dill seeds (20 mL)', '4 small cloves garlic']","['Cut a thin slice from the ends of each cucumber', 'Meanwhile, combine vinegar, water, and salt in a saucepan and bring to a boil.', 'Remove hot jars from canner. Place 1 head fresh dill or 1 tsp (5 mL) dill seeds and 1 clove garlic into each jar; pack in cucumbers. Pour boiling vinegar mixture over cucumbers to within 1/2 inch (1 cm) of rim (head space). Process 10 minutes for pint (500 mL) jars and 15 minutes for quart (1 L) jars as directed for Longer Time Processing Procedure.']","['American', 'Garlic', 'Side', 'Vinegar', 'Cucumber', 'Dill', 'Boil', 'Fat Free', 'Vegan', 'Vegetarian', 'Pescatarian', 'Paleo', 'Dairy Free', 'Wheat/Gluten-Free', 'Peanut Free', 'Tree Nut Free', 'Soy Free', 'No Sugar Added', 'Kosher']"
This is What Happens When Kids Choose the Meal Plan for the Week,article,"No, you won't be stuck eating chicken fingers and hot dogs all week. But you will probably eat a lot of noodles.",/expert-advice/kids-plan-our-meals-for-a-week-article,,,,,
A Weekly Meal Plan That's All About Sandwiches,article,"Piling ingredients onto bread is the quickest, most satisfying way to achieve a full week of dinners.",/recipes-menus/a-weekly-meal-plan-thats-all-about-sandwiches-article,,,,,
"This Week's Meal Plan: Salmon Salad Niçoise, Grilled Corn Quesadillas, and Hoisin-Glazed Pork Chops",article,A week's worth of easy summer dinners.,/recipes-menus/this-weeks-meal-plan-salmon-salad-steak-and-a-time-saving-strategy-article,,,,,
5 Store-Bought Salad Dressings That Are Actually Worth Eating,article,There's no shame in a premade dressing when you're in a pinch. Just make sure you pick the right one.,/expert-advice/best-store-bought-salad-dressing-article,,,,,
This French Summer Dinner Party Involves a Lot of Mayonnaise,article,"Make le grand aioli (aka aioli served with lots of things to dip in it) your new favorite easy, festive, tres chic way to entertain this summer.",/expert-advice/how-to-make-a-french-grand-aioli-for-summer-article,,,,,
This Week's Meal Plan: 5 Springy Vegetarian Dinners,article,"Embrace the greens of spring with a week's worth of green beans, asparagus, broccoli, English peas, and spring greens.",/recipes-menus/weekly-meal-plan-vegetarian-spring-dinners-article,,,,,
Make a Savory Pancake Dinner Any Kid Will Eat,article,A whole new take on pancakes for dinner.,/expert-advice/how-to-make-savory-pancakes-any-kid-will-eat-article,,,,,
Kale and Cucumber Salad with Ginger Dressing,recipe,"A Vietnamese-inspired ginger dressing and plenty of cooling, crunchy cucumbers takes kale salad from ""not now"" to ""hey, wow!""",/recipes/food/views/kale-and-cucumber-salad-with-roasted-ginger-dressing,3,73%,"['8 ounces fresh ginger', '1 green or red Thai chile', '1 garlic clove', '3 tablespoons fish sauce', '3 tablespoons sugar', '3 tablespoons vegetable oil']","['Heat broiler. Broil ginger in its skin, turning once, until very dark brown and beginning to scorch in places and a paring knife passes through the center with relative ease, 40–50 minutes (if skin is getting too dark before flesh is tender, turn down the heat or move to the oven). Let cool; slice (leave on the skin).', 'Pulse ginger, chile, garlic, fish sauce, sugar, oil, and 2 Tbsp. water in a food processor, adding additional water by tablespoonfuls if needed, until a smooth paste forms.']","['Bon Appétit', 'Thanksgiving', 'Salad', 'Kale', 'Cucumber', 'Ginger', 'Fall', 'Chile Pepper']"
29 Recipes We Want to Cook in July,article,"Corn, watermelon, and tomatoes—oh my.",/expert-advice/29-recipes-we-want-to-cook-in-july-article,,,,,
18 High-Protein Nut-Free Snacks for Kids,article,"Skippy's not an option? Here are some of our favorite easy, protein-packed snacks made without peanuts or tree nuts.",/recipes-menus/high-protein-nut-free-snacks-for-kids-article,,,,,
9 Groceries to Buy Every Week if You Have Kids,article,"Besides that lifetime supply of instant mac and cheese, of course.",/expert-advice/groceries-to-buy-for-kids-every-week-if-youre-a-parent-article,,,,,
How to Turn Slow Cooker Chicken Into 12 Easy Dinners,article,"With this dish in your freezer, tacos, grain bowls, pasta bakes, and more are all less than 10 minutes away.",/expert-advice/how-to-make-slow-cooker-shredded-chicken-into-12-easy-dinners-article,,,,,
This Pork Tenderloin Dinner Is 99% Guaranteed to Make Everyone in the Family Happy,article,It can go from simple to spicy in a matter of minutes.,/recipes-menus/kid-friendly-easy-pork-tenderloin-recipe-for-the-whole-family-article,,,,,
5 Genius Ways to Upgrade Your Favorite Foods,article,Unexpected updates will make you love these tried-and-true food pairings even more,/sponsored/5-genius-ways-to-upgrade-your-favorite-foods-article,,,,,
"Chilled Beet Soup with Buttermilk, Cucumbers, and Dill (Chlodnik)",recipe,This classic Polish soup is the ultimate in summer refreshment.,/recipes/food/views/chilled-beet-soup-with-buttermilk-cucumbers-and-dill-chlodnik,3.5,87%,"['1 pound beets with greens (about 2 medium beets)', 'Kosher salt', '2 Kirby cucumbers, peeled, coarsely grated (about 1 cup)', '1 kosher dill pickle, coarsely grated (about 1/2 cup), plus 1/2 cup pickle brine', '1 1/2 cups buttermilk or kefir (preferably low- or full-fat)', '3/4 cup sour cream', '2 tablespoons chopped scallions', 'Freshly ground black pepper', '4 hard-boiled eggs, halved', '4 teaspoons finely chopped dill']","['Using a large knife, separate greens and stems from beets. Thoroughly wash greens and stems; set aside. Scrub beets, transfer to a medium pot, and cover with 1"" water. Cover pot and bring to a boil. Reduce heat to medium, uncover, and cook until beets are tender when pierced with a knife, about 10 minutes. Drain beets; discard cooking liquid. Let cool.', 'Meanwhile, chop beet greens and stems. Transfer to a large pot and add 1/2 tsp. salt and 4 cups water. Bring to a boil, then reduce heat to medium and simmer, without boiling, until greens are tender, about 5 minutes. Let cool to room temperature, about 30 minutes.', 'Peel and coarsely grate beets, preferably wearing gloves. Add to pot with cooled greens. Gently stir in cucumbers, pickle, pickle brine, buttermilk, sour cream, and scallions. Season with salt and pepper.', 'Cover pot and chill soup at least 30 minutes. Adjust seasonings, if desired. Divide soup among bowls; top with eggs and dill.']","['Soup/Stew', 'Summer', 'Freeze/Chill', 'Beet', 'Egg', 'Sour Cream', 'Dill', 'Eastern European/Russian', 'European', 'Dinner', 'Lunch', 'Vegetarian', 'Pescatarian', 'Wheat/Gluten-Free', 'Peanut Free', 'Tree Nut Free', 'Soy Free', 'No Sugar Added', 'Kosher']"
3 Winter Panzanella Recipes,article,Turns out bread salads are delicious all year 'round.,/recipes-menus/winter-panzanella-bread-salad-recipes-article,,,,,
10 Real-Life Commandments for Cooking for Kids,article,"It's hard to put a healthy, delicious meal that everybody likes on the table. How do we do it? By always, always (uh, sometimes) following these guiding principles.",/expert-advice/cooking-for-kids-rules-for-parents-article,,,,,
The Two-Second Trick for Avoiding Bitter Cucumbers,article,This will change your salads forever.,/expert-advice/trick-for-avoiding-bitter-cucumbers-article,,,,,
The Kid-Friendly Recipe That Makes Weekday Meals a Breeze,article,Freeze a batch of these meaty little patties over the weekend and the whole family can eat them for lunches and dinners all week long.,/expert-advice/sunday-stash-easy-make-ahead-beef-and-mushroom-patties-freezer-meals-cooking-for-kids-article,,,,,
This Polish Take on Pizza Is Everything,article,"Zapiekanka is unlike any pizza in America—or Italy, for that matter. It's also irresistible.",/expert-advice/how-to-make-zapiekanka-polish-french-bread-pizza-article,,,,,
The Art of Making Delicious Salsa,article,Recipes and tips from the authors of Mexican Food Made Easy,/holidays-events/the-art-of-making-delicious-salsa-article,,,,,
6 Healthy Pre-Thanksgiving Meals,article,"You’ve got a big meal ahead of you, so keep it light and lean in the weekend before.",/recipes-menus/healthy-thanksgiving-weekend-recipes-article,,,,,
"This Hot-Pink, Ultra-Refreshing Beet Soup Is Your New Summer Staple",article,Crunchy cucumbers. Tangy buttermilk. And plenty of pickle juice. This Polish soup deserves to be on your table this summer.,/expert-advice/how-to-make-chlodnik-polish-cold-beet-soup-recipe-article,,,,,
Seven Holiday Gifts to Get From Whole Foods,article,From olive oil to orange bitters: gifts you can grab on your next grocery run.,/expert-advice/how-to-buy-holiday-gifts-at-whole-foods-article,,,,,
How Pantry Cooking Helped Me Get Through #Cook90,article,"Cooking three meals a day? The only way to do it is with a well-stocked pantry of fresh, versatile ingredients.",/expert-advice/easy-meal-prep-pantry-recipes-cook90-article,,,,,
"Flatbread with Fava Beans, Cucumbers, and Burrata",recipe,Fava beans most likely require a trip to a farmers’ market and take a while to peel. Sugar snap peas cut into bite-size pieces are a fine alternative.,/recipes/food/views/flatbread-with-fava-beans-cucumbers-and-burrata,4,100%,"['2 cups shelled fava beans (from about 2 pounds pods)', 'Kosher salt', '2 tablespoons fresh lemon juice', '2 tablespoons olive oil, plus more for grill', 'Freshly ground black pepper', '2 Persian cucumbers, thinly sliced', '2 tablespoons unseasoned rice vinegar', '1/2 Garlic-Herb Naan or 1 pound store-bought pizza dough, room temperature, halved', '2 (8-ounce) balls burrata or fresh mozzarella, drained', 'Basil leaves (for serving)', '1 teaspoon toasted sesame seeds', 'Flaky sea salt']","['Cook fava beans in a medium saucepan of boiling salted water until tender, about 4 minutes. Using a mesh sieve, transfer to a colander set in a bowl of ice water. Drain and peel. Combine lemon juice, 2 Tbsp. oil, and half of fava beans in a medium bowl and lightly mash with a fork. Stir in remaining fava beans; season with kosher salt and pepper.', 'Combine cucumbers and vinegar in a medium bowl; season with kosher salt. Let sit until slightly softened, 10–12 minutes.', 'Prepare a grill for medium-high, indirect heat (for a charcoal grill, bank coals on one side of grill; for a gas grill, leave one or two burners off); lightly oil grate. Working with 1 piece of dough at a time, gently stretch to about a 10x8"" oval. Grill over direct heat, turning and rotating as needed, until bread is stiff and both sides are lightly charred, about 3 minutes total. Move to indirect heat to keep warm while you grill the remaining piece of dough.', 'Transfer flatbreads to a work surface. Tear burrata into pieces and divide between flatbreads; top with fava bean mixture, cucumbers, and basil. Sprinkle with sesame seeds, sea salt, and pepper.']","['Bon Appétit', 'Basil', 'Flat Bread', 'Cheese', 'Cucumber', 'Bean', 'Mediterranean', 'Appetizer', 'Lunch', 'Grill', 'Vegetarian', 'Pescatarian', 'Wheat/Gluten-Free', 'Peanut Free', 'Tree Nut Free', 'Soy Free', 'No Sugar Added', 'Kosher']"
4 Clean and Green Dinners for Cold Weather,article,"Our newest leafy-green recipes will have you ooing and awing at their vibrant, verdant beauty.",/recipes-menus/green-healthy-dinners-recipes-article,,,,,
4 Crunchy Salads for Fall,article,"Get out the mandoline, it's time for salad.",/recipes-menus/crunchy-salads-recipes-for-fall-article,,,,,
Watch How Easy It Is to Make This Moroccan-Inspired Steak Salad,article,The secret's in the sauce.,/recipes-menus/watch-how-easy-it-is-to-make-moroccan-inspired-steak-salad-with-chermoula-article,,,,,
The Absolute Easiest Way to Make Homemade Pickles,article,Seriously: it doesn't get simpler than this.,/expert-advice/how-to-make-pickles-at-home-the-easy-way-article,,,,,
Moroccan Skirt Steak Salad With Chermoula,recipe,"A fragrant, herbaceous sauce acts as both a marinade and a dressing for this pretty, Moroccan-inspired salad.",/recipes/food/views/moroccan-skirt-steak-salad-with-chermoula,3,75%,"['1 pound skirt steak, sliced crosswise into 5–6-inch-long pieces', '1/2 teaspoon kosher salt', '1/4 teaspoon freshly ground black pepper', '1/2 cup Blender Chermoula Sauce', 'Vegetable oil (for grill)']","['Season steak with salt and pepper. Place steak in a large resealable bag or bowl. Pour chermoula over, toss to coat, then let rest at room temperature at least 1 hour.', 'Prepare a grill for medium-high heat or heat grill pan over medium-high; lightly oil grate or pan. Remove steak from marinade; discard marinade. Grill steak until an instant-read thermometer inserted into the center registers 125°F, 2–3 minutes per side for medium-rare. Transfer to a cutting board and let rest 10 minutes before slicing against the grain.']","['Moroccan', 'Steak', 'Salad', 'Sauce', 'Cilantro', 'Parsley', 'Cucumber', 'Arugula', 'Pomegranate', 'Feta', 'Dinner', 'Flaming Hot Summer', 'Wheat/Gluten-Free', 'Peanut Free', 'Soy Free', 'No Sugar Added']"
The Cool Way to Make Chilled Soup Even Colder,article,Here's a chilling (and instant) solution to ultimate refreshment.,/expert-advice/how-to-make-cold-soup-colder-with-ice-in-summer-article,,,,,
Weird and Wild Watermelon Pairings,article,Feta and tomatoes are only the beginning.,/ingredients/sweet-and-savory-watermelon-recipes-for-summer-article,,,,,
Easy After-School Snacks,article,These 3-ingredient snacks will keep bellies full until dinnertime.,/expert-advice/three-ingredient-after-school-snacks-article,,,,,
3 Rules for Muddling Cocktails,article,Score muddled drink gold by abiding by these three muddling rules.,/expert-advice/muddling-tips-caipirinha-cocktail-article,,,,,
How to Use Your Refrigerator's Crisper Drawer,article,"To keep your produce fresher, longer, you need to get your flow right.",/expert-advice/how-to-use-your-refrigerators-crisper-drawer-article,,,,,
Introducing the Pickled Fried Green Tomato,article,"When they join forces, two classic Southern sides—fried pickles and fried green tomatoes—are unstoppable.",/expert-advice/how-to-make-pickled-fried-green-tomatoes-article,,,,,
6 Easy Recipes for a Relaxed Summer Weekend,article,"Keep things laid-back with simple, satisfaction-guaranteed dishes.",/recipes-menus/simple-summer-weekend-menu-pancakes-steak-pasta-recipes-article,,,,,
5 Summer Salads That Get Better Overnight,article,Not every salad needs to be eaten the day it's made.,/recipes-menus/5-summer-salads-that-can-be-made-ahead-of-time-recipes-article,,,,,
Your New Go-To Cucumber Dish,article,You know that cold cucumber dish you've marveled at in Chinese restaurants? It's shockingly easy to make at home.,/recipes-menus/the-easiest-most-impressive-way-to-use-cucumbers-article,,,,,
Cucumber and Raisin Relish With Mustard Seeds,recipe,"Golden raisins add a bright sweetness to this fresh take on sweet-and-sour pickles. Serve it with our Cider-Brined, Maple-Glazed Pork Loin, spread it onto sandwiches, or use it to top hot dogs.",/recipes/food/views/cucumber-and-raisin-relish-with-mustard-seeds,4,100%,"['1/2 cup apple cider vinegar', '2 tablespoons light brown sugar', '2 teaspoons kosher salt', '2 teaspoons mustard powder', '1 medium cucumber (about 1/2 pound), cut into 1/4 inch pieces', '1/3 cup finely chopped onion', '2 ounces golden raisins (about 1/3 cup)', '2 teaspoons mustard seeds']","['Bring vinegar, brown sugar, salt, mustard powder, and 1/2 cup water to a boil in a medium pot over high heat, stirring occasionally, until sugar and salt dissolve, about 5 minutes.', 'Place cucumber, onion, raisins, and mustard seeds in a heatproof resealable container. Pour hot brining liquid over cucumber mixture; stir to combine. Let cool to room temperature, then cover and chill at least 2 hours before serving. Serve cool or at room temperature.']","['Condiment', 'Raisin', 'Cucumber', 'Side', 'Pickles', 'Vegan', 'Vegetarian', 'Pescatarian', 'Dairy Free', 'Wheat/Gluten-Free', 'Peanut Free', 'Tree Nut Free', 'Soy Free', 'Kosher']"
Transform Your Vegetable Garden With This One Simple Quack,article,An ode to the backyard duck.,/expert-advice/how-to-raise-ducks-for-a-vegetable-garden-article,,,,,
41 Three-Ingredient Summer Appetizers,article,Summer snacking doesn't need to be an elaborate affair—try these ideas for easy appetizers with three ingredients or fewer.,/expert-advice/3-ingredient-summer-appetizer-recipes-article,,,,,
Fresh Dill Cucumbers with Lemon,recipe,Fresh Dill Cucumbers with Lemon,/recipes/food/views/fresh-dill-cucumbers-with-lemon,0,0%,"['1 pound Persian or kirby cucumbers, thinly sliced lengthwise on a mandoline', '1/4 cup coarsely chopped fresh dill', '1 teaspoon kosher salt', 'Freshly ground black pepper', '1 tablespoon finely grated lemon zest', '1 tablespoon fresh lemon juice']","['Combine cucumbers, dill, and salt in a medium bowl; season with pepper and toss to coat. Cover and chill 30 minutes.', 'Drain cucumbers and place in a clean bowl. Top with lemon zest and juice.']","['Bon Appétit', 'Cucumber', 'Salad', 'Dill', 'Healthy', 'Vegetarian', 'Kid-Friendly', 'Small Plates']"
How to Preserve Summer's Bounty—No Canning Required,article,You don't need to do the whole hot-water bath thing if you want to preserve fruits and vegetables. Here are 3 alternative methods.,/expert-advice/how-to-preserve-summer-vegetables-fruits-without-canning-article,,,,,
What to Cook This Weekend: Pssst....It's Mother's Day,article,"Feel free to get lost in hazy spring days with these easy, delicious dishes. But when Sunday rolls around, don't forget about your mama.",/holidays-events/mothers-day-weekend-brunch-dinner-meal-plan-menu-article,,,,,
What Makes This Steak Salad So Addictive? The Secret's In the Sauce.,article,It's a marinade. It's a dressing. Is there anything this vibrant green sauce can't do?,/recipes-menus/moroccan-chermoula-grilled-steak-salad-sauce-marinade-article,,,,,
How to Build a Meal Around a Ball of Mozzarella,article,"The fresh, creamy cheese can be turned into so many satisfying, uncomplicated summer meals.",/expert-advice/how-to-build-a-meal-around-a-ball-of-fresh-mozzarella-article,,,,,
The Simple Tool That Makes Food Look Amazing ,article,It can shave. It can ribbon. It can curl. It can zest. It can get you at least a hundred new Instagram followers.,/expert-advice/how-to-make-shaved-avocado-mango-chocolate-article,,,,,
The Early-Spring Recipes You Need This Weekend,article,Put away your soup pots and slow cookers and kick off the new season this weekend.,/recipes-menus/what-to-cook-this-weekend-march-early-spring-vegetables-article,,,,,
The Best (and Worst) Produce to Buy Organic ,article,Why it might not pay to buy organic mangoes—and why those cheap strawberries might be a bad idea.,/expert-advice/the-best-and-worst-produce-to-buy-organic-article,,,,,
How to Navigate the Pickle Aisle,article,Everything you need to know when buying pickles.,/ingredients/ultimate-guide-to-buying-pickles-article,,,,,
The Best Grocery Store in America Is Net Cost,article,"It's not grim Communist bread lines. It's not Putin-era luxury. It's a wonderland of salt, smoke, and fat.",/expert-advice/netcost-best-grocery-store-in-america-article,,,,,
"Why I Won’t Be Shamed for Cooking “Mom Recipes""",article,Getting dinner on the table night after night is no easy feat. So let's not shame parents who sometimes need to take a shortcut or two.,/expert-advice/on-mom-cooking-and-why-we-should-not-knock-it-article,,,,,
Crispy Pork Lettuce Wraps,recipe,"Sweet and spicy pork belly lettuce wraps—served with a refreshing cucumber salad—are a cool, crunchy dinner for sweltering August nights.",/recipes/food/views/crispy-pork-lettuce-wraps-with-spicy-cucumbers-56390119,4,100%,"['1 (12-ounce) piece skin-on pork belly (about 4x3 1/2x1 1/4"")', 'Kosher salt, freshly ground pepper', '2 tablespoons light brown sugar, divided', '4 chiles de árbol', '2 star anise pods', '2 tablespoons soy sauce', '2 Persian or kirby cucumbers, thinly sliced', '2 scallions, thinly sliced', '1/2 red chile (such as Fresno or jalapeño), thinly sliced', '2 tablespoons unseasoned rice wine vinegar', '3 tablespoons gochujang (Korean red pepper paste)', '3 tablespoons white miso', '1 small head of lettuce (such as Little Gem or romaine hearts), torn', '1/2 bunch mint', '1/2 cup kimchi (optional)']","['Diagonally score fat side of pork belly, cutting through fat but stopping at flesh and spacing about 1/4"" apart. Season pork with salt and pepper and sprinkle with 1 tablespoon brown sugar. Wrap tightly in plastic wrap and let sit at least 2 hours, or chill up to 2 days.', 'Preheat oven to 400°F. Unwrap pork and place in the smallest baking dish you can. Add chiles de árbol, star anise, soy sauce, remaining 1 tablespoon brown sugar, and 1 1/4 cups water. Roast until most of fat has rendered, meat is tender, and top is browned and crisp, 2–2 1/2 hours.', 'Meanwhile, toss cucumbers, scallions, red chile, and vinegar in a small bowl to combine. Mix gochujang and miso in another small bowl.', 'Transfer pork to a cutting board; let rest 10 minutes. Pour off pan juices into a measuring glass. Skim fat from surface.', 'Slice pork into 1/2"" slices, transfer to a platter, and pour pan juices over. Serve with lettuce for wrapping and cucumber salad, mint, kimchi (if using), and gochugang-miso mixture for topping.']","['Pork', 'Kid-Friendly', 'Dinner', 'Lunch', 'Mint', 'Cucumber', 'Cabbage', 'Lettuce', 'Bon Appétit', 'Dairy Free', 'Peanut Free', 'Tree Nut Free', 'Small Plates']"
The Ultimate No-Wilt Lunch Salad,article,Skip the sad spring mix and follow these tips instead.,/expert-advice/how-to-pack-a-no-wilt-salad-article,,,,,
How to Become a Pro Bowler,article,Bowl food doesn't get beautiful (and nutritious) (and filling) automatically—it takes a plan. And there's nobody better to get that plan from than the guy who literally wrote the book on the subject.,/expert-advice/how-to-make-grain-noodle-bowls-lukas-volger-article,,,,,
16 Ways to Cook With Chile Oil,article,"Whether homemade or store-bought, chile oil will add a welcome hit of heat and flavor to almost anything you cook.",/ingredients/16-ways-to-cook-with-chile-oil-article,,,,,
Miso-Cured Black Cod with Chilled Cucumbers,recipe,Pro tip: Viva brand paper towels are used at Rintaro specifically for insulating the cod from its salty cure and will absorb moisture without falling apart.,/recipes/food/views/miso-cured-black-cod-with-chilled-cucumbers-56389995,1,0%,"['3/4 pound skin-on black cod fillet', 'Kosher salt', '3/4 cup white miso', '3 tablespoons mirin', '3 tablespoons sake']","['Slice cod 3/4"" thick, leaving skin on and bones in (the bones will slip right out when fish is cooked). Season very lightly with salt and place on a paper towel.lined baking sheet. Cover with another paper towel and chill 1 hour (this will draw out some moisture and any fishy flavors).', 'Combine miso and mirin in a small bowl. Wet 2 paper towels (you can also use cheesecloth) with sake and squeeze out any excess. Spread half of miso mixture in a 13x9"" baking dish in a thin, even layer. Cover with a sake-moistened paper towel. Arrange cod in a single layer on top. Cover with the other sakemoistened towel. Spread remaining miso mixture over towel. Cover; chill 3 days.', 'Preheat broiler. Transfer cod to a rimmed baking sheet; discard miso mixture and paper towels. Broil cod until golden brown around the edges and cooked through, about 4 minutes. Let cool slightly, then pull out bones.']","['Japanese', 'Broil', 'Cod', 'Healthy', 'Low Cholesterol', 'Bon Appétit']"
Make a Springtime Sandwich Lunch Buffet for Easter,article,"Easter doesn't have to mean salty ham or long-cooking lamb. Freshen things up with this fun, fresh sandwich spread that's perfect for a holiday crowd.",/recipes-menus/easter-easy-holiday-sandwich-lunch-buffet-article,,,,,
How to Throw a Hot Pot Party With a Slow Cooker,article,"It's the all-you-can-eat fondue party that, thankfully, isn't a fondue party at all.",/expert-advice/how-to-throw-hot-pot-party-at-home-article,,,,,
How to Eat Less Meat (Without Going Cold Turkey),article,Consider shifting meat from the center of your plate to the side.,/expert-advice/how-to-move-meat-to-the-side-of-the-plate-article,,,,,
Cold Asian Noodle Salad,recipe,"This sweet and spicy pasta salad features chicken—use leftovers or grab a rotisserie chicken at the store. Make it for dinner tonight, or pack it up for lunches—it’ll be just as good tomorrow.",/recipes/food/views/cold-asian-noodle-salad-with-chicken-and-cucumbers-56389799,3,60%,"['1 pound wide rice noodles', '8 cups shredded cooked chicken', '4 small cucumbers, thinly sliced (about 3 cups)', '1/3 cup fresh basil leaves, torn', '1/3 cup fresh cilantro leaves, torn', '1/3 cup fresh mint leaves, torn', '1/4 cup fish sauce (such as nam pla or nuoc nam)', '1/4 cup fresh lime juice', '1/4 cup honey', '1/4 cup soy sauce', 'Hot chili paste (such as sambal oelek)']","['Cook noodles according to package directions. Drain, transfer to a large bowl of ice water, drain again, then pat dry. Transfer noodles to another large bowl and add chicken, cucumbers, basil, cilantro, and mint.', 'Whisk fish sauce, lime juice, honey, and soy sauce in a medium bowl. Season with hot chili paste. Add fish sauce mixture to noodle salad and stir to combine. Serve immediately.']","['Asian', 'Salad', 'Chicken', 'Kid-Friendly', 'Dinner', 'Lunch', 'Basil', 'Cucumber', 'Hot Pepper', 'Healthy', 'Noodle', 'Dairy Free', 'Peanut Free', 'Tree Nut Free', 'Small Plates']"
We May Have Become Slightly Obsessed With Bowl Food This Year,article,Plates are so 2014.,/expert-advice/the-year-of-bowl-food-2015-article,,,,,
Cucumbers with Scallions and Chili Oil,recipe,Why waste time with a knife? A simple whack to a cucumber yields jagged surfaces eager to soak up this tangy dressing.,/recipes/food/views/cucumbers-with-scallions-and-chili-oil-56389645,0,0%,"['1 pound Persian or English hothouse cucumbers', '1 teaspoon kosher salt', '3 sliced scallions', '3 tablespoons unseasoned rice vinegar', '1 teaspoon toasted sesame seeds', 'Chili oil (drizzle)']","['Gently smack 1 pound Persian or English hothouse cucumbers with a rolling pin or the bottom of a heavy pot until they begin to break apart. Tear into bite-size pieces. Transfer to a colander; toss with 1 teaspoon kosher salt. Let sit 10 minutes to drain excess liquid.', 'Transfer cucumbers to a medium bowl and toss with 3 sliced scallions, 3 tablespoons unseasoned rice vinegar, and 1 teaspoon toasted sesame seeds. Taste and adjust seasoning with salt. Drizzle with chili oil.']","['Side', 'Low Carb', 'Low Fat', 'Kid-Friendly', 'Quick & Easy', 'Low Cal', 'Cucumber', 'Spring', 'Summer', 'Healthy', 'Bon Appétit', 'Sugar Conscious', 'Vegan', 'Vegetarian', 'Pescatarian', 'Dairy Free', 'Wheat/Gluten-Free', 'Peanut Free', 'Tree Nut Free', 'Soy Free', 'No Sugar Added', 'Kosher', 'Small Plates']"
Strawberry-Cucumber Salad with Lemon Cream,recipe,Strawberries and cream...and cardamom. The cooling spice and cucumbers give berries an element of intrigue.,/recipes/food/views/strawberry-cucumber-salad-with-lemon-cream-56389861,4,100%,"['4 cups quartered hulled strawberries (from 1 pound whole)', '3 sliced Persian cucumbers', '1 teaspoon sugar', '1/2 teaspoon ground cardamom', 'A pinch of salt', '1/2 cup crème fraîche', '2 teaspoons sugar', '1 teaspoon fresh lemon juice', 'A pinch of salt', '1/4 cup unsalted, roasted pistachios', 'A pinch of cayenne pepper', 'A pinch of salt']","['Toss 4 cups quartered hulled strawberries (from 1 pound whole), 3 sliced Persian cucumbers, 1 teaspoon sugar, 1/2 teaspoon ground cardamom, and a pinch of salt in a medium bowl and let sit 10 minutes to allow sugar to dissolve and flavors to meld.', 'Meanwhile, mix 1/2 cup crème fraîche, 2 teaspoons sugar, 1 teaspoon fresh lemon juice, and a pinch of salt in a small bowl; set lemon cream aside.', ""Pulse 1/4 cup unsalted, roasted pistachios, a pinch of cayenne pepper, and a pinch of salt in a food processor until nuts are just finely ground (do not overprocess or you'll end up with nut butter)."", 'Divide fruit salad among plates and spoon some of the reserved lemon cream over; sprinkle with ground seasoned pistachios.']","['Salad', 'Dessert', 'Side', 'Kid-Friendly', 'Quick & Easy', 'Strawberry', 'Pistachio', 'Cucumber', 'Summer', 'Bon Appétit', 'Vegetarian', 'Pescatarian', 'Wheat/Gluten-Free', 'Peanut Free', 'Soy Free', 'Kosher', 'Diabetes-Friendly', 'Small Plates']"
Eat Hummus for Dinner,article,Turn your favorite dip into a satisfying meal with these 5 topping ideas.,/expert-advice/its-okay-to-eat-hummus-for-dinner-article,,,,,
The Keys to Making Great Bánh Mì at Home,article,Not making this classic Vietnamese sandwich at home? Don't worry—Sandwich Theory will show you the way.,/expert-advice/how-to-make-banh-mi-sandwich-at-home-article,,,,,
Ginger-Dill Pickles,recipe,"These herbaceous pickles combine spicy ginger with bright dill. Although cucumbers are classic, cherry tomatoes or green beans would also work well in this brine.",/recipes/food/views/ginger-dill-pickles-56389773,0,0%,"['1 (1-inch) piece ginger, peeled, thinly sliced legthwise', '4 garlic cloves, halved', '2 cups white wine vinegar', '1/2 cup sugar', '2 tablespoons kosher salt', '2 teaspoons coriander seeds', '10 Persian cucumbers, quartered', '12 sprigs dill']","['Bring ginger, garlic, vinegar, sugar, salt, coriander seeds, and 2 cups water to a boil in a medium pot over high heat, stirring occasionally. Reduce heat to medium-low and simmer 10 minutes.', 'Place cucumbers and dill in a heatproof resealable container or jar (divide among several containers if necessary). Pour hot brining liquid over cucumbers and dill. Let cool to room temperature, then cover and chill at least 2 hours before serving.']","['Ginger', 'Low Fat', 'Kid-Friendly', 'Low Cal', 'Cucumber', 'Healthy', 'Vegan', 'Dill', 'Small Plates']"
Sweet and Sour Pickles,recipe,"These spiced-packed pickles are the perfect combination of tart and sweet, great for pre-dinner snacking or to top a sandwich. Yellow squash is delicious, but the brine also works well with cucumbers, zucchini, onions, or mushrooms.",/recipes/food/views/sweet-and-sour-pickles-56389775,2,100%,"['2 cups apple cider vinegar', '1/2 cup (packed) brown sugar', '10 whole cloves', '3 whole star anise pods', '2 tablespoons kosher salt', '1 tablespoon dried mustard powder', '1 tablespoon mustard seeds', '1/2 teaspoon black peppercorns', '2 medium yellow squash (about 1/2 pound), thinly sliced crosswise']","['Bring vinegar, brown sugar, cloves, star anise, salt, mustard powder, mustard seeds, peppercorns, and 2 cups water to a boil in a medium pot over high heat, stirring occasionally. Reduce heat to medium-low and simmer 10 minutes.', 'Place squash in a heatproof resealable container or jar (divide among several containers if necessary). Pour hot brining liquid over squash. Let cool to room temperature, then cover and chill at least 2 hours before serving.']","['Low Fat', 'Kid-Friendly', 'Low Cal', 'Healthy', 'Vegan', 'Anise', 'Clove', 'Yellow Squash', 'Small Plates']"
11 Things You Should Never Put in Your Freezer,article,The freezer is a lifesaver—except when it kills the groceries you put into it.,/expert-advice/11-things-you-should-never-put-in-your-freezer-article,,,,,
How to Put Away Summer Fruits and Vegetables for the Winter,article,Keep a little piece of summer for the rest of the year.,/expert-advice/how-to-freeze-summer-fruits-and-vegetables-article,,,,,
This Weekend: Deep Dive Into Tomato Season,article,Now is the time to eat your weight in tomatoes.,/recipes-menus/what-to-cook-this-weekend-all-the-tomatoes-article,,,,,
Everything You Need to Make Sensational Salads,guide,"Recipes, techniques, dressings, and the surprise ingredient you're probably leaving out.",/recipes-menus/salad-recipes-advice-tips-techniques-dressings-package,,,,,
Charred Romaine Greek Salad With Quinoa-Crusted Feta,recipe,"I live in New York, where Greek salads are a reliable diner staple. I love the combination of briny Kalamata olives and salty feta cheese mixed with crisp romaine lettuce and refreshing cucumbers. This somewhat deconstructed, twenty-first century version applies the ""warm goat cheese salad"" method to a Greek salad, coating fresh feta slices in egg wash and quinoa and then pan-frying. The result is incredibly delicious—and as good as it looks in the picture!",/recipes/food/views/charred-romaine-greek-salad-with-quinoa-crusted-feta-56389585,4,100%,"['1/2 cup (2 ounces /60 grams) Kalamata olives, finely chopped', '1/2 cup parsley, dill, and mint, chopped', '1/4 cup red onion, finely chopped', '1/4 cup (2 ounces/60 milliliters) red wine vinegar', '6 tablespoons (3 ounces/90 milliliters) extra-virgin olive oil']","['1. In a medium bowl, stir together the olives, herbs, onion, vinegar, and oil. Set aside.']","['Salad', 'Low Fat', 'Vegetarian', 'Kid-Friendly', 'Low Cal', 'Wheat/Gluten-Free', 'Dinner', 'Lunch', 'Salad Dressing', 'Healthy', 'Low Cholesterol', 'Pescatarian', 'Peanut Free', 'Tree Nut Free', 'Soy Free', 'No Sugar Added', 'Kosher', 'Small Plates']"
"4 Cool, Refreshing Soups for Summer",article,Because there's no better time to eat soup than the summer. Honest!,/expert-advice/refreshing-cold-soups-for-summer-article,,,,,
How to Pickle Everything,article,The easiest way to preserve summer's flavors? Quick pickle them.,/expert-advice/how-to-pickle-basically-everything-article,,,,,
Why You Should Drink Like a Brit This Summer,article,Summer’s most thirst-quenching cocktails all have one thing in common.,/expert-advice/low-alcohol-summer-cocktails-inspired-by-pimms-cup-article,,,,,
